{
  "name": "debug_0808_2_RRDB_PSNR_x4_DIV2K" //  please remove "debug_" during training
  , "use_tb_logger": true
  , "model":"sr"
  , "scale": 4
  , "gpu_ids": [1]

  , "datasets": {
    "train": {
      "name": "DIV2K"
      , "mode": "LRHR"
      , "dataroot_HR": "/home/lcc/CWH/DIV2K800/DIV2K800_sub.lmdb"
      , "dataroot_LR": "/home/lcc/CWH/DIV2K800/DIV2K800_sub_bicLRx4.lmdb"
      , "subset_file": null
      , "use_shuffle": true
      , "n_workers": 8
      , "batch_size": 1
      , "HR_size": 128 // 128 | 192
      , "use_flip": true
      , "use_rot": true
    }
    , "val": {
      "name": "val_set14"
      , "mode": "LRHR"
      , "dataroot_HR": "/home/lcc/CWH/Set14"
      , "dataroot_LR": "/home/lcc/CWH/Set14_LRx4"
    }
  }

  , "path": {
    "root": "/home/lcc/CWH/LCC_BasicSR-master"
    // , "resume_state": "../experiments/debug_001_RRDB_PSNR_x4_DIV2K/training_state/200.state"
    , "pretrain_model_G": null
  }

  , "network_G": {
    "which_model_G": "RRDB_net" // RRDB_net | sr_resnet
    , "norm_type": null
    , "mode": "CNA"
    , "nf": 64
    , "nb": 23
    , "in_nc": 3
    , "out_nc": 3
    , "gc": 32
    , "group": 1
  }

  , "train": {
    "lr_G": 2e-4
    , "lr_scheme": "MultiStepLR"
    , "lr_steps": [200000, 400000, 600000, 800000]
    , "lr_gamma": 0.5

    , "pixel_criterion": "l1"
    , "pixel_weight": 1.0
    , "val_freq": 5e3

    , "manual_seed": 0
    , "niter": 1e6
  }

  , "logger": {
    "print_freq": 200
    , "save_checkpoint_freq": 5e3
  }
}
