{
  "name": "01_01_1_RRDB_DualSR_x4_DIV2K" //  please remove "debug_" during training
  , "use_tb_logger": true
  , "model":"DualSR"
  , "scale": 4
  , "gpu_ids": [0,1]

  , "datasets": {
    "train": {
      "name": "DIV2K"
      , "mode": "LRHR"
      , "dataroot_HR": "/home/lcc/CWH/DIV2K800/DIV2K800_sub.lmdb"
      , "dataroot_LR": "/home/lcc/CWH/DIV2K800/DIV2K800_sub_bicLRx4.lmdb"
      , "subset_file": null
      , "use_shuffle": true
      , "n_workers": 8
      , "batch_size": 32
      , "HR_size": 128
      , "use_flip": true
      , "use_rot": true
    }
    , "val": {
      "name": "val_set5_part"
      , "mode": "LRHR"
      , "dataroot_HR": "/home/lcc/CWH/Dataset2/Set5"
      , "dataroot_LR": "/home/lcc/CWH/Dataset2/Set5_LRx4"
    }
  }

  , "path": {
    "root": "/home/lcc/CWH/LCC_BasicSR-master"
    // , "resume_state": "../experiments/debug_002_RRDB_ESRGAN_x4_DIV2K/training_state/16. "
    , "pretrain_model_G": "../experiments/pretrained_models/01_01_12000_G.pth"
    , "pretrain_model_D": "../experiments/pretrained_models/01_01_12000_D.pth"
  }

//  , "network_G": {
//    "which_model_G": "DualSR_RCAN" // RRDB_net | sr_resnet
//    ,"n_resblocks":10
//    ,"n_resgroups_mask":5
//    ,"n_resgroups_share":2
//    ,"n_resgroups_high_1":5
//    ,"n_resgroups_high_2":10
//    ,"n_resgroups_low_1":10
//    ,"n_resgroups_low_2":5
//    ,"n_feats":64
//    ,"reduction":16
//    ,"scale":[4]
//    ,"n_colors":3
//    ,"rgb_range":255
//    ,"res_scale":1
//  }

    , "network_G": {
    "which_model_G": "DualSR_RRDB" // RRDB_net | sr_resnet
    , "norm_type": null
    , "mode": "CNA"
    , "nf": 64 // 32
    , "nb_l_1": 10
    , "nb_l_2": 5,
    "nb_h_1": 5,
    "nb_h_2": 10,
    "nb_e": 2,
    "nb_m": 5
    ,"in_nc": 3
    , "out_nc": 3
    , "gc": 32
    , "group": 1
  }

  ,"network_D": {
    "which_model_D": "discriminator_vgg_128"
    , "norm_type": "batch"
    , "act_type": "leakyrelu"
    , "mode": "CNA"
    , "nf": 64
    , "in_nc": 3
  }

  , "train": {
    "lr_G": 1e-4
    , "weight_decay_G": 0
    , "beta1_G": 0.9
    , "lr_D": 1e-4
    , "weight_decay_D": 0
    , "beta1_D": 0.9
    , "lr_scheme": "MultiStepLR"
    , "lr_steps": [50000, 100000, 200000, 300000]
    , "lr_gamma": 0.5

    , "pixel_criterion": "l1"
    , "pixel_weight": 1
    , "feature_criterion": "l1"
    ,"cri_fea_low":1
    ,"cri_fea_high":1
    , "feature_weight": 1
    , "gan_type": "vanilla"
    , "gan_weight": 5e-3

    //for wgan-gp
    // , "D_update_ratio": 1
    // , "D_init_iters": 0
    // , "gp_weigth": 10

    , "manual_seed": 0
    , "niter": 5e5
    , "val_freq": 2e3
  }

  , "logger": {
    "print_freq": 200
    , "save_checkpoint_freq": 2e3
  }
}
